{
    "intents": [
        {
            "tag": "приветствие",
            "patterns": [
                "добрый день",
                "привет",
                "здравствуйте",
                "доброе утро"
            ],
            "responses": [
                "Здравствуйте!"
            ]
        },
        {
            "tag": "прощание",
            "patterns": [
                "пока",
                "до свидания",
                "увидимся позже",
                "до завтра",
                "прощай",
                "прощайте"
            ],
            "responses": [
                "До свидания!"
            ]
        },
        {
            "tag": "как дела",
            "patterns": [
                "как дела?",
                "что нового?",
                "как себя чувствуешь?",
                "все нормально?",
                "все хорошо?"
            ],
            "responses": [
                "У меня все отлично!"
            ]
        },
        {
            "tag": "адрес",
            "patterns": [
                "где вы находитесь?",
                "какой ваш адрес?",
                "где находится студия?",
                "как к вам попасть?",
                "где находится ваш офис?",
                "как найти вас?"
            ],
            "responses": [
                "Наш адрес - Николаева 12."
            ]
        },
        {
            "tag": "расписание",
            "patterns": [
                "какое у вас расписание?",
                "когда вы свободны?",
                "когда можно прийти записаться?"
            ],
            "responses": [
                "Мы свободны каждый будний день с 9:00 до 18:00."
            ]
        },
        {
            "tag": "готовность",
            "patterns": [
                "когда песня будет готова?",
                "когда запись будет готова?",
                "когда будет результат?",
                "когда можно будет послушать что записали?"
            ],
            "responses": [
                "В среднем результат готов через несколько дней после записи."
            ]
        },
        {
            "tag": "длительность",
            "patterns": [
                "сколько длится записать песню?",
                "сколько времени займет запись?",
                "сколько займет записывание",
                "как долго займет запись"
            ],
            "responses": [
                "В среднем запись длится пару часов."
            ]
        },
        {
            "tag": "запись цена",
            "patterns": [
                "сколько стоит записать песню",
                "сколько стоит записаться",
		"хочу у вас записаться",
                "цена записать песню",
                "за сколько можно сделать запись",
                "песня записать цена",
		"как мне записать песню"
            ],
            "responses": [
                "Мы предоставляем следующие услуги: запись вокала, аранжировка, песня под аккомпанемент, дизайн обложки, выпуск и продвижение вашей песни. Что именно вас интересует?"
            ]
        },
        {
            "tag": "аранжировка цена",
            "patterns": [
                "сколько стоит сделать аранжировка",
                "цена записать аранжировка",
                "можно сделать аранжировка",
                "вы делаете аранжировка",
                "цена сделать аранжировка",
                "аранжировка за сколько"
            ],
            "responses": [
                "Стоимость аранжировки составляет 7000 рублей."
            ]
        },
        {
            "tag": "вокал цена",
            "patterns": [
                "сколько стоит сделать запись вокала",
                "цена записать вокал",
                "цена вокал",
                "вокал запись за сколько",
                "можно вокал записать",
                "вы делаете вокал"
            ],
            "responses": [
                "Стоимость записи вокала составляет 8000 рублей."
            ]
        },
        {
            "tag": "обложка дизайн",
            "patterns": [
                "сколько стоит сделать дизайн обложки",
                "обложка нарисовать цена",
                "сколько стоит обложка для альбома",
                "сделать обложку сколько цена",
                "делаете обложки",
                "рисуете обложки",
                "дизайн фото для обложки"
            ],
            "responses": [
                "Создание дизайна обложки стоит 8000 рублей."
            ]
        },
        {
            "tag": "реклама цена",
            "patterns": [
                "продвигать реклама песню",
                "сколько стоит создать реклама песню",
                "продвижение песня цена",
                "делаете рекламу песню",
                "можно продвижение реклама делать"
            ],
            "responses": [
                "Мы предоставляем контакты для продвижения на радио, в плейлисты, на конкурсы за 5000 рублей."
            ]
        },
        {
            "tag": "аккомпанемент",
            "patterns": [
                "аккомпанемент записать песню",
                "сколько стоит аккомпанемент песня",
                "аккомпанемент запись цена",
                "можно аккомпанемент сделать",
                "делаете аккомпанемент",
                "хочу аккомпанемент"
            ],
            "responses": [
                "Запись песни с аккомпаниментом стоит 9000 рублей."
            ]
        },
        {
            "tag": "выпуск",
            "patterns": [
                "выпустить песня",
                "выпустить песня сколько стоит",
                "цена выпустить песня",
                "как выпустить песню без лейбла",
                "хочу выпустить песню"
            ],
            "responses": [
                "Мы выпускаем песню с вашими авторскими отчислениями до 70% за 7000 рублей."
            ]
        },
        {
            "tag": "реклама вокал",
            "patterns": [
                "сколько стоит реклама вокал",
                "цена реклама вокал",
                "делаете реклама вокал",
                "как дорого реклама вокал",
                "хочу реклама вокал"
            ],
            "responses": [
                "Запись вокала и продвижение песни стоит 13000 рублей."
            ]
        },
        {
            "tag": "реклама аккомпанемент",
            "patterns": [
                "сколько стоит реклама аккомпанемент",
                "цена аккомпанемент реклама",
                "делаете реклама аккомпанемент",
                "как дорого аккомпанемент реклама",
                "хочу реклама аккомпанемент"
            ],
            "responses": [
                "Запись песни с аккомпанементом и продвижение стоит 14000 рублей."
            ]
        },
        {
            "tag": "реклама обложка",
            "patterns": [
                "сколько стоит реклама обложка",
                "цена обложка реклама",
                "делаете реклама обложка",
                "как дорого обложка реклама",
                "хочу реклама обложка"
            ],
            "responses": [
                "Дизайн обложки и продвижение песни будет стоить 13000 рублей."
            ]
        },
        {
            "tag": "реклама аранжировка",
            "patterns": [
                "сколько стоит реклама аранжировка",
                "цена аранжировка реклама",
                "делаете реклама аранжировка",
                "как дорого аранжировка реклама",
                "хочу реклама аранжировка"
            ],
            "responses": [
                "Запись аранжировки и продвижение песни будет стоить 12000 рублей."
            ]
        },
        {
            "tag": "вокал аккомпанемент",
            "patterns": [
                "сколько стоит вокал аккомпанемент",
                "цена аккомпанемент песня вокал",
                "делаете вокал аккомпанемент",
                "как аккомпанемент дорого вокал",
                "хочу вокал аккомпанемент"
            ],
            "responses": [
                "Запись вокала под аккомпанемент будет стоить 17000 рублей."
            ]
        },
        {
            "tag": "вокал аранжировка",
            "patterns": [
                "сколько стоит вокал аранжировка",
                "цена аранжировка вокал",
                "делаете вокал аранжировка",
                "как дорого вокал аранжировка",
                "хочу аранжировка под вокал"
            ],
            "responses": [
                "Запись вокала с аранжировкой будет стоить 15000 рублей."
            ]
        },
        {
            "tag": "аккомпанемент аранжировка",
            "patterns": [
                "сколько стоит аккомпанемент с аранжировка",
                "цена аранжировка и аккомпанимент",
                "делаете аккомпанемент аранжировка",
                "как дорого аранжировка аккомпанемент",
                "хочу аккомпанемент аранжировка"
            ],
            "responses": [
                "Аранжировка с аккомпанементом будет стоить 16000 рублей."
            ]
        }
    ]
}